Player Name,Player Jersey Number,Player Position,Player Age,Player Weight (lbs.),Years Played,"Player Birthplace (city, town, etc.)",Player Birth State,Player Birthplace (Combo),Player College,Player Team,Conference,2016 Population Estimates (except where otherwise noted),State GEO ID,Full GEOID,Latitude (player birthplace),Longitude (player birthplace),Number from City,Number of Records,American FactFinder Link for more Census data points,Quickfacts Link,State Data Link,Source (Population States 2017),"Birthplace, Population Data Source"
Devin McCourty,#32,S/FS,30.0,195.0,8,Nanuet,New York,"Nanuet, New York",Rutgers,New England,AFC,"18,377",36.0,0400000US36,41.088707,-74.013473,1,1,"https://factfinder.census.gov/bkmk/cf/1.0/en/place/Nanuet CDP, New York/ALL?utm_campaign=20180129dvz&utm_medium=viz&utm_source=tableau",https://www.census.gov/quickfacts/fact/table/NanuetcityNewYork,https://factfinder.census.gov/bkmk/cf/1.0/en/state/New York/ALL?utm_campaign=20180129dvz&utm_medium=viz&utm_source=tableau,"U.S. Census Bureau, 2017 Annual Estimates of the Resident Population","U.S. Census Bureau, 2012-2016 American Community Survey Five Year Estimates "
Danny Amendola,#80,PR/WR/KR,32.0,190.0,9,The Woodlands,Texas,"The Woodlands, Texas",Texas Tech,New England,AFC,"1,08,373",48.0,0400000US48,30.173419,-95.504686,1,1,"https://factfinder.census.gov/bkmk/cf/1.0/en/place/The Woodlands CDP, Texas/ALL?utm_campaign=20180129dvz&utm_medium=viz&utm_source=tableau",https://www.census.gov/quickfacts/fact/table/TheWoodlandscityTexas,https://factfinder.census.gov/bkmk/cf/1.0/en/state/Texas/ALL?utm_campaign=20180129dvz&utm_medium=viz&utm_source=tableau,"U.S. Census Bureau, 2017 Annual Estimates of the Resident Population","U.S. Census Bureau, 2012-2016 American Community Survey Five Year Estimates "
Johnson Bademosi,#29,CB/SPTM/RCB,27.0,206.0,6,Silver Spring,Maryland,"Silver Spring, Maryland",Stanford,New England,AFC,"78,038",24.0,0400000US24,38.990666,-77.026088,1,1,"https://factfinder.census.gov/bkmk/cf/1.0/en/place/Silver Spring CDP, Maryland/ALL?utm_campaign=20180129dvz&utm_medium=viz&utm_source=tableau",https://www.census.gov/quickfacts/fact/table/SilverSpringcityMaryland,https://factfinder.census.gov/bkmk/cf/1.0/en/state/Maryland/ALL?utm_campaign=20180129dvz&utm_medium=viz&utm_source=tableau,"U.S. Census Bureau, 2017 Annual Estimates of the Resident Population","U.S. Census Bureau, 2012-2016 American Community Survey Five Year Estimates "
Chris Hogan,#15,WR,29.0,210.0,5,Wyckoff,New Jersey,"Wyckoff, New Jersey",Monmouth,New England,AFC,"17,119",34.0,0400000US34,41.009542,-74.172922,1,1,"https://factfinder.census.gov/bkmk/cf/1.0/en/place/Wyckoff township, Bergen County, New Jersey/ALL?utm_campaign=20180129dvz&utm_medium=viz&utm_source=tableau",https://www.census.gov/quickfacts/fact/table/WyckoffcityNewJersey,https://factfinder.census.gov/bkmk/cf/1.0/en/state/New Jersey/ALL?utm_campaign=20180129dvz&utm_medium=viz&utm_source=tableau,"U.S. Census Bureau, 2017 Annual Estimates of the Resident Population","U.S. Census Bureau, 2012-2016 American Community Survey Five Year Estimates "
James Develin,#46,RB/FB,29.0,255.0,5,Gilbertsville,Pennsylvania,"Gilbertsville, Pennsylvania",Brown,New England,AFC,"5,084",42.0,0400000US42,40.320097,-75.610184,1,1,"https://factfinder.census.gov/bkmk/cf/1.0/en/place/Gilbertsville CDP, Pennsylvania/ALL?utm_campaign=20180129dvz&utm_medium=viz&utm_source=tableau",https://www.census.gov/quickfacts/fact/table/GilbertsvillecityPennsylvania,https://factfinder.census.gov/bkmk/cf/1.0/en/state/Pennsylvania/ALL?utm_campaign=20180129dvz&utm_medium=viz&utm_source=tableau,"U.S. Census Bureau, 2017 Annual Estimates of the Resident Population","U.S. Census Bureau, 2012-2016 American Community Survey Five Year Estimates "
Cameron Fleming,#71,T/ROT,25.0,320.0,4,Fort Hood,Texas,"Fort Hood, Texas",Stanford,New England,AFC,"28,350",48.0,0400000US48,31.201439,-97.771758,1,1,"https://factfinder.census.gov/bkmk/cf/1.0/en/place/Fort Hood CDP, Texas/ALL?utm_campaign=20180129dvz&utm_medium=viz&utm_source=tableau",https://www.census.gov/quickfacts/fact/table/FortHoodcityTexas,https://factfinder.census.gov/bkmk/cf/1.0/en/state/Texas/ALL?utm_campaign=20180129dvz&utm_medium=viz&utm_source=tableau,"U.S. Census Bureau, 2017 Annual Estimates of the Resident Population","U.S. Census Bureau, 2012-2016 American Community Survey Five Year Estimates "
Patrick Chung,#23,S/SS,30.0,215.0,9,Kingston,Jamaica,"Kingston, Jamaica",Oregon,New England,AFC,3.0 M (Jamaica),73.0,0400000US73,17.971215,-76.792813,1,1,https://www.census.gov/popclock/world/jm?utm_campaign=20180129dvz&utm_medium=viz&utm_source=tableau,https://www.census.gov/popclock/world/jm,https://www.census.gov/popclock/world/jm?utm_campaign=20180129dvz&utm_medium=viz&utm_source=tableau,"U.S. Census Bureau, International Data Base (demographic data) - Jamaica","U.S. Census Bureau, International Data Base (demographic data) - Jamaica"
Jonathan Jones,#31,CB/LCB,24.0,190.0,2,Carrollton,Georgia,"Carrollton, Georgia",Auburn,New England,AFC,"26,562",13.0,0400000US13,33.58011,-85.076611,1,1,"https://factfinder.census.gov/bkmk/cf/1.0/en/place/Carrollton city, Georgia/ALL?utm_campaign=20180129dvz&utm_medium=viz&utm_source=tableau",https://www.census.gov/quickfacts/fact/table/CarrolltoncityGeorgia,https://factfinder.census.gov/bkmk/cf/1.0/en/state/Georgia/ALL?utm_campaign=20180129dvz&utm_medium=viz&utm_source=tableau,"U.S. Census Bureau, 2017 Annual Estimates of the Resident Population","U.S. Census Bureau, 2016 Annual Estimates of the Resident Population"
Brandin Cooks,#14,WR,24.0,189.0,4,Stockton,California,"Stockton, California",Oregon State,New England,AFC,"3,07,072",6.0,0400000US06,37.957702,-121.29078,1,1,"https://factfinder.census.gov/bkmk/cf/1.0/en/place/Stockton city, California/ALL?utm_campaign=20180129dvz&utm_medium=viz&utm_source=tableau",https://www.census.gov/quickfacts/fact/table/StocktoncityCalifornia,https://factfinder.census.gov/bkmk/cf/1.0/en/state/California/ALL?utm_campaign=20180129dvz&utm_medium=viz&utm_source=tableau,"U.S. Census Bureau, 2017 Annual Estimates of the Resident Population","U.S. Census Bureau, 2016 Annual Estimates of the Resident Population"
Phillip Dorsett,#13,WR/PR,25.0,185.0,3,Fort Lauderdale,Florida,"Fort Lauderdale, Florida",Miami (FL),New England,AFC,"1,78,752",12.0,0400000US12,26.122308,-80.143379,2,1,"https://factfinder.census.gov/bkmk/cf/1.0/en/place/Fort Lauderdale city, Florida/ALL?utm_campaign=20180129dvz&utm_medium=viz&utm_source=tableau",https://www.census.gov/quickfacts/fact/table/FortLauderdalecityFlorida,https://factfinder.census.gov/bkmk/cf/1.0/en/state/Florida/ALL?utm_campaign=20180129dvz&utm_medium=viz&utm_source=tableau,"U.S. Census Bureau, 2017 Annual Estimates of the Resident Population","U.S. Census Bureau, 2016 Annual Estimates of the Resident Population"
James White,#28,RB,25.0,205.0,4,Fort Lauderdale,Florida,"Fort Lauderdale, Florida",Wisconsin,New England,AFC,"1,78,752",12.0,0400000US12,26.122308,-80.143379,2,1,"https://factfinder.census.gov/bkmk/cf/1.0/en/place/Fort Lauderdale city, Florida/ALL?utm_campaign=20180129dvz&utm_medium=viz&utm_source=tableau",https://www.census.gov/quickfacts/fact/table/FortLauderdalecityFlorida,https://factfinder.census.gov/bkmk/cf/1.0/en/state/Florida/ALL?utm_campaign=20180129dvz&utm_medium=viz&utm_source=tableau,"U.S. Census Bureau, 2017 Annual Estimates of the Resident Population","U.S. Census Bureau, 2016 Annual Estimates of the Resident Population"
Rex Burkhead,#34,RB,27.0,210.0,5,Plano,Texas,"Plano, Texas",Nebraska,New England,AFC,"2,86,057",48.0,0400000US48,33.013676,-96.69251,1,1,"https://factfinder.census.gov/bkmk/cf/1.0/en/place/Plano city, Texas/ALL?utm_campaign=20180129dvz&utm_medium=viz&utm_source=tableau",https://www.census.gov/quickfacts/fact/table/PlanocityTexas,https://factfinder.census.gov/bkmk/cf/1.0/en/state/Texas/ALL?utm_campaign=20180129dvz&utm_medium=viz&utm_source=tableau,"U.S. Census Bureau, 2017 Annual Estimates of the Resident Population","U.S. Census Bureau, 2016 Annual Estimates of the Resident Population"
Julian Edelman,#11,WR,31.0,200.0,9,Redwood City,California,"Redwood City, California",Kent State,New England,AFC,"84,950",6.0,0400000US06,37.485215,-122.236355,1,1,"https://factfinder.census.gov/bkmk/cf/1.0/en/place/Redwood City city, California/ALL?utm_campaign=20180129dvz&utm_medium=viz&utm_source=tableau",https://www.census.gov/quickfacts/fact/table/RedwoodCitycityCalifornia,https://factfinder.census.gov/bkmk/cf/1.0/en/state/California/ALL?utm_campaign=20180129dvz&utm_medium=viz&utm_source=tableau,"U.S. Census Bureau, 2017 Annual Estimates of the Resident Population","U.S. Census Bureau, 2016 Annual Estimates of the Resident Population"
Jordan Richards,#37,S/SS,24.0,210.0,3,Sacramento,California,"Sacramento, California",Stanford,New England,AFC,"4,95,234",6.0,0400000US06,38.581572,-121.4944,1,1,"https://factfinder.census.gov/bkmk/cf/1.0/en/place/Sacramento city, California/ALL?utm_campaign=20180129dvz&utm_medium=viz&utm_source=tableau",https://www.census.gov/quickfacts/fact/table/SacramentocityCalifornia,https://factfinder.census.gov/bkmk/cf/1.0/en/state/California/ALL?utm_campaign=20180129dvz&utm_medium=viz&utm_source=tableau,"U.S. Census Bureau, 2017 Annual Estimates of the Resident Population","U.S. Census Bureau, 2016 Annual Estimates of the Resident Population"
Malcolm Butler,#21,CB/LCB,27.0,190.0,4,Vicksburg,Mississippi,"Vicksburg, Mississippi",West Alabama,New England,AFC,"22,925",28.0,0400000US28,32.352842,-90.877734,1,1,"https://factfinder.census.gov/bkmk/cf/1.0/en/place/Vicksburg city, Mississippi/ALL?utm_campaign=20180129dvz&utm_medium=viz&utm_source=tableau",https://www.census.gov/quickfacts/fact/table/VicksburgcityMississippi,https://factfinder.census.gov/bkmk/cf/1.0/en/state/Mississippi/ALL?utm_campaign=20180129dvz&utm_medium=viz&utm_source=tableau,"U.S. Census Bureau, 2017 Annual Estimates of the Resident Population","U.S. Census Bureau, 2016 Annual Estimates of the Resident Population"
Mike Gillislee,#35,RB,27.0,219.0,5,DeLand,Florida,"DeLand, Florida",Florida,New England,AFC,"31,569",12.0,0400000US12,29.019515,-81.294142,1,1,"https://factfinder.census.gov/bkmk/cf/1.0/en/place/DeLand city, Florida/ALL?utm_campaign=20180129dvz&utm_medium=viz&utm_source=tableau",https://www.census.gov/quickfacts/fact/table/DeLandcityFlorida,https://factfinder.census.gov/bkmk/cf/1.0/en/state/Florida/ALL?utm_campaign=20180129dvz&utm_medium=viz&utm_source=tableau,"U.S. Census Bureau, 2017 Annual Estimates of the Resident Population","U.S. Census Bureau, 2016 Annual Estimates of the Resident Population"
Dion Lewis,#33,RB/KR,27.0,195.0,6,Albany,New York,"Albany, New York",Pittsburgh,New England,AFC,"98,111",36.0,0400000US36,42.651167,-73.754968,1,1,"https://factfinder.census.gov/bkmk/cf/1.0/en/place/Albany city, New York/ALL?utm_campaign=20180129dvz&utm_medium=viz&utm_source=tableau",https://www.census.gov/quickfacts/fact/table/AlbanycityNewYork,https://factfinder.census.gov/bkmk/cf/1.0/en/state/New York/ALL?utm_campaign=20180129dvz&utm_medium=viz&utm_source=tableau,"U.S. Census Bureau, 2017 Annual Estimates of the Resident Population","U.S. Census Bureau, 2016 Annual Estimates of the Resident Population"
Bernard Reedy,#17,WR,26.0,175.0,1,St. Petersburg,Florida,"St. Petersburg, Florida",Toledo,New England,AFC,"2,60,999",12.0,0400000US12,27.770861,-82.679266,1,1,"https://factfinder.census.gov/bkmk/cf/1.0/en/place/St. Petersburg city, Florida/ALL?utm_campaign=20180129dvz&utm_medium=viz&utm_source=tableau",https://www.census.gov/quickfacts/fact/table/St.PetersburgcityFlorida,https://factfinder.census.gov/bkmk/cf/1.0/en/state/Florida/ALL?utm_campaign=20180129dvz&utm_medium=viz&utm_source=tableau,"U.S. Census Bureau, 2017 Annual Estimates of the Resident Population","U.S. Census Bureau, 2016 Annual Estimates of the Resident Population"
Elandon Roberts,#52,LB/RLB,23.0,235.0,2,Port Arthur,Texas,"Port Arthur, Texas",Houston,New England,AFC,"55,427",48.0,0400000US48,29.898826,-93.928781,1,1,"https://factfinder.census.gov/bkmk/cf/1.0/en/place/Port Arthur city, Texas/ALL?utm_campaign=20180129dvz&utm_medium=viz&utm_source=tableau",https://www.census.gov/quickfacts/fact/table/PortArthurcityTexas,https://factfinder.census.gov/bkmk/cf/1.0/en/state/Texas/ALL?utm_campaign=20180129dvz&utm_medium=viz&utm_source=tableau,"U.S. Census Bureau, 2017 Annual Estimates of the Resident Population","U.S. Census Bureau, 2016 Annual Estimates of the Resident Population"
Matthew Slater,#18,KR/WR,32.0,205.0,10,Orange,California,"Orange, California",UCLA,New England,AFC,"1,40,504",6.0,0400000US06,33.750038,-117.870493,2,1,"https://factfinder.census.gov/bkmk/cf/1.0/en/place/Orange city, California/ALL?utm_campaign=20180129dvz&utm_medium=viz&utm_source=tableau",https://www.census.gov/quickfacts/fact/table/OrangecityCalifornia,https://factfinder.census.gov/bkmk/cf/1.0/en/state/California/ALL?utm_campaign=20180129dvz&utm_medium=viz&utm_source=tableau,"U.S. Census Bureau, 2017 Annual Estimates of the Resident Population","U.S. Census Bureau, 2016 Annual Estimates of the Resident Population"
James Harrison,#92,LB/RDE,39.0,242.0,15,Akron,Ohio,"Akron, Ohio",Kent State,New England,AFC,"1,97,633",39.0,0400000US39,41.083064,-81.518485,1,1,"https://factfinder.census.gov/bkmk/cf/1.0/en/place/Akron city, Ohio/ALL?utm_campaign=20180129dvz&utm_medium=viz&utm_source=tableau",https://www.census.gov/quickfacts/fact/table/AkroncityOhio,https://factfinder.census.gov/bkmk/cf/1.0/en/state/Ohio/ALL?utm_campaign=20180129dvz&utm_medium=viz&utm_source=tableau,"U.S. Census Bureau, 2017 Annual Estimates of the Resident Population","U.S. Census Bureau, 2016 Annual Estimates of the Resident Population"
Malcolm Mitchell,#19,WR,24.0,200.0,2,Valdosta,Georgia,"Valdosta, Georgia",Georgia,New England,AFC,"56,474",13.0,0400000US13,30.832702,-83.278485,1,1,"https://factfinder.census.gov/bkmk/cf/1.0/en/place/Valdosta city, Georgia/ALL?utm_campaign=20180129dvz&utm_medium=viz&utm_source=tableau",https://www.census.gov/quickfacts/fact/table/ValdostacityGeorgia,https://factfinder.census.gov/bkmk/cf/1.0/en/state/Georgia/ALL?utm_campaign=20180129dvz&utm_medium=viz&utm_source=tableau,"U.S. Census Bureau, 2017 Annual Estimates of the Resident Population","U.S. Census Bureau, 2016 Annual Estimates of the Resident Population"
Shaq Mason,#69,C/ROG,24.0,310.0,3,Columbia,Tennessee,"Columbia, Tennessee",Georgia Tech,New England,AFC,"37,540",47.0,0400000US47,35.615072,-87.035283,1,1,"https://factfinder.census.gov/bkmk/cf/1.0/en/place/Columbia city, Tennessee/ALL?utm_campaign=20180129dvz&utm_medium=viz&utm_source=tableau",https://www.census.gov/quickfacts/fact/table/ColumbiacityTennessee,https://factfinder.census.gov/bkmk/cf/1.0/en/state/Tennessee/ALL?utm_campaign=20180129dvz&utm_medium=viz&utm_source=tableau,"U.S. Census Bureau, 2017 Annual Estimates of the Resident Population","U.S. Census Bureau, 2016 Annual Estimates of the Resident Population"
Eric Rowe,#25,CB/RCB,25.0,205.0,3,Cleveland,Ohio,"Cleveland, Ohio",Utah,New England,AFC,"3,85,809",39.0,0400000US39,41.505161,-81.693445,3,1,"https://factfinder.census.gov/bkmk/cf/1.0/en/place/Cleveland city, Ohio/ALL?utm_campaign=20180129dvz&utm_medium=viz&utm_source=tableau",https://www.census.gov/quickfacts/fact/table/ClevelandcityOhio,https://factfinder.census.gov/bkmk/cf/1.0/en/state/Ohio/ALL?utm_campaign=20180129dvz&utm_medium=viz&utm_source=tableau,"U.S. Census Bureau, 2017 Annual Estimates of the Resident Population","U.S. Census Bureau, 2016 Annual Estimates of the Resident Population"
Duron Harmon,#30,S/FS,26.0,205.0,5,Magnolia,Delaware,"Magnolia, Delaware",Rutgers,New England,AFC,235,10.0,0400000US10,39.071799,-75.475577,1,1,"https://factfinder.census.gov/bkmk/cf/1.0/en/place/Magnolia town, Delaware/ALL?utm_campaign=20180129dvz&utm_medium=viz&utm_source=tableau",https://www.census.gov/quickfacts/fact/table/MagnoliacityDelaware,https://factfinder.census.gov/bkmk/cf/1.0/en/state/Delaware/ALL?utm_campaign=20180129dvz&utm_medium=viz&utm_source=tableau,"U.S. Census Bureau, 2017 Annual Estimates of the Resident Population","U.S. Census Bureau, 2016 Annual Estimates of the Resident Population"
Stephon Gilmore,#24,CB/RCB,27.0,190.0,6,Rock Hill,South Carolina,"Rock Hill, South Carolina",South Carolina,New England,AFC,"72,937",45.0,0400000US45,34.924867,-81.025078,1,1,"https://factfinder.census.gov/bkmk/cf/1.0/en/place/Rock Hill city, South Carolina/ALL?utm_campaign=20180129dvz&utm_medium=viz&utm_source=tableau",https://www.census.gov/quickfacts/fact/table/RockHillcitySouthCarolina,https://factfinder.census.gov/bkmk/cf/1.0/en/state/South Carolina/ALL?utm_campaign=20180129dvz&utm_medium=viz&utm_source=tableau,"U.S. Census Bureau, 2017 Annual Estimates of the Resident Population","U.S. Census Bureau, 2016 Annual Estimates of the Resident Population"
Stephen Gostkowski,#3,K/KFG/KKO,33.0,215.0,12,Madison,Mississippi,"Madison, Mississippi",Memphis,New England,AFC,"26,031",28.0,0400000US28,32.630868,-90.004082,1,1,"https://factfinder.census.gov/bkmk/cf/1.0/en/place/Madison city, Mississippi/ALL?utm_campaign=20180129dvz&utm_medium=viz&utm_source=tableau",https://www.census.gov/quickfacts/fact/table/MadisoncityMississippi,https://factfinder.census.gov/bkmk/cf/1.0/en/state/Mississippi/ALL?utm_campaign=20180129dvz&utm_medium=viz&utm_source=tableau,"U.S. Census Bureau, 2017 Annual Estimates of the Resident Population","U.S. Census Bureau, 2016 Annual Estimates of the Resident Population"
Malcom Brown,#90,DT/RDT,23.0,320.0,3,Brenham,Texas,"Brenham, Texas",Texas,New England,AFC,"16,989",48.0,0400000US48,30.166883,-96.397744,1,1,"https://factfinder.census.gov/bkmk/cf/1.0/en/place/Brenham city, Texas/ALL?utm_campaign=20180129dvz&utm_medium=viz&utm_source=tableau",https://www.census.gov/quickfacts/fact/table/BrenhamcityTexas,https://factfinder.census.gov/bkmk/cf/1.0/en/state/Texas/ALL?utm_campaign=20180129dvz&utm_medium=viz&utm_source=tableau,"U.S. Census Bureau, 2017 Annual Estimates of the Resident Population","U.S. Census Bureau, 2016 Annual Estimates of the Resident Population"
Trey Flowers,#98,DE/RDE,24.0,265.0,3,Huntsville,Alabama,"Huntsville, Alabama",Arkansas,New England,AFC,"1,93,079",1.0,0400000US01,34.677972,-86.455462,1,1,"https://factfinder.census.gov/bkmk/cf/1.0/en/place/Huntsville city, Alabama/ALL?utm_campaign=20180129dvz&utm_medium=viz&utm_source=tableau",https://www.census.gov/quickfacts/fact/table/HuntsvillecityAlabama,https://factfinder.census.gov/bkmk/cf/1.0/en/state/Alabama/ALL?utm_campaign=20180129dvz&utm_medium=viz&utm_source=tableau,"U.S. Census Bureau, 2017 Annual Estimates of the Resident Population","U.S. Census Bureau, 2016 Annual Estimates of the Resident Population"
Brandon King,#36,S/FS/SPTM,24.0,220.0,3,Alabaster,Alabama,"Alabaster, Alabama",Auburn,New England,AFC,"32,948",1.0,0400000US01,33.244281,-86.816377,1,1,"https://factfinder.census.gov/bkmk/cf/1.0/en/place/Alabaster city, Alabama/ALL?utm_campaign=20180129dvz&utm_medium=viz&utm_source=tableau",https://www.census.gov/quickfacts/fact/table/AlabastercityAlabama,https://factfinder.census.gov/bkmk/cf/1.0/en/state/Alabama/ALL?utm_campaign=20180129dvz&utm_medium=viz&utm_source=tableau,"U.S. Census Bureau, 2017 Annual Estimates of the Resident Population","U.S. Census Bureau, 2016 Annual Estimates of the Resident Population"
Nicholas Grigsby,#50,LB/MLB,25.0,230.0,2,Trotwood,Ohio,"Trotwood, Ohio",Pittsburgh,New England,AFC,"24,331",39.0,0400000US39,39.797279,-84.311333,1,1,"https://factfinder.census.gov/bkmk/cf/1.0/en/place/Trotwood city, Ohio/ALL?utm_campaign=20180129dvz&utm_medium=viz&utm_source=tableau",https://www.census.gov/quickfacts/fact/table/TrotwoodcityOhio,https://factfinder.census.gov/bkmk/cf/1.0/en/state/Ohio/ALL?utm_campaign=20180129dvz&utm_medium=viz&utm_source=tableau,"U.S. Census Bureau, 2017 Annual Estimates of the Resident Population","U.S. Census Bureau, 2016 Annual Estimates of the Resident Population"
Ryan Allen,#6,P/HLD,27.0,220.0,5,Salem,Oregon,"Salem, Oregon",Louisiana Tech,New England,AFC,"1,67,419",41.0,0400000US41,44.939157,-123.033121,1,1,"https://factfinder.census.gov/bkmk/cf/1.0/en/place/Salem city, Oregon/ALL?utm_campaign=20180129dvz&utm_medium=viz&utm_source=tableau",https://www.census.gov/quickfacts/fact/table/SalemcityOregon,https://factfinder.census.gov/bkmk/cf/1.0/en/state/Oregon/ALL?utm_campaign=20180129dvz&utm_medium=viz&utm_source=tableau,"U.S. Census Bureau, 2017 Annual Estimates of the Resident Population","U.S. Census Bureau, 2016 Annual Estimates of the Resident Population"
Brian Hoyer,#2,QB,32.0,215.0,9,North Olmsted,Ohio,"North Olmsted, Ohio",Michigan State,New England,AFC,"31,817",39.0,0400000US39,41.415603,-81.923473,1,1,"https://factfinder.census.gov/bkmk/cf/1.0/en/place/North Olmsted city, Ohio/ALL?utm_campaign=20180129dvz&utm_medium=viz&utm_source=tableau",https://www.census.gov/quickfacts/fact/table/NorthOlmstedcityOhio,https://factfinder.census.gov/bkmk/cf/1.0/en/state/Ohio/ALL?utm_campaign=20180129dvz&utm_medium=viz&utm_source=tableau,"U.S. Census Bureau, 2017 Annual Estimates of the Resident Population","U.S. Census Bureau, 2016 Annual Estimates of the Resident Population"
David Harris,#45,LB/MLB,33.0,250.0,11,Grand Rapids,Michigan,"Grand Rapids, Michigan",Michigan,New England,AFC,"1,96,445",26.0,0400000US26,42.96336,-85.668086,1,1,"https://factfinder.census.gov/bkmk/cf/1.0/en/place/Grand Rapids city, Michigan/ALL?utm_campaign=20180129dvz&utm_medium=viz&utm_source=tableau",https://www.census.gov/quickfacts/fact/table/GrandRapidscityMichigan,https://factfinder.census.gov/bkmk/cf/1.0/en/state/Michigan/ALL?utm_campaign=20180129dvz&utm_medium=viz&utm_source=tableau,"U.S. Census Bureau, 2017 Annual Estimates of the Resident Population","U.S. Census Bureau, 2016 Annual Estimates of the Resident Population"
Eric Lee,#55,DE/RDE,23.0,260.0,1,Panama City,Florida,"Panama City, Florida",South Florida,New England,AFC,"37,635",12.0,0400000US12,30.160083,-85.654573,1,1,"https://factfinder.census.gov/bkmk/cf/1.0/en/place/Panama City city, Florida/ALL?utm_campaign=20180129dvz&utm_medium=viz&utm_source=tableau",https://www.census.gov/quickfacts/fact/table/PanamaCitycityFlorida,https://factfinder.census.gov/bkmk/cf/1.0/en/state/Florida/ALL?utm_campaign=20180129dvz&utm_medium=viz&utm_source=tableau,"U.S. Census Bureau, 2017 Annual Estimates of the Resident Population","U.S. Census Bureau, 2016 Annual Estimates of the Resident Population"
Vincent Valentine,#99,DT,23.0,320.0,2,Edwardsville,Illinois,"Edwardsville, Illinois",Nebraska,New England,AFC,"25,071",17.0,0400000US17,38.811436,-89.953157,1,1,"https://factfinder.census.gov/bkmk/cf/1.0/en/place/Edwardsville city, Illinois/ALL?utm_campaign=20180129dvz&utm_medium=viz&utm_source=tableau",https://www.census.gov/quickfacts/fact/table/EdwardsvillecityIllinois,https://factfinder.census.gov/bkmk/cf/1.0/en/state/Illinois/ALL?utm_campaign=20180129dvz&utm_medium=viz&utm_source=tableau,"U.S. Census Bureau, 2017 Annual Estimates of the Resident Population","U.S. Census Bureau, 2016 Annual Estimates of the Resident Population"
Joe Cardona,#49,LB/LS,25.0,245.0,3,El Cajon,California,"El Cajon, California",Navy,New England,AFC,"1,03,768",6.0,0400000US06,32.794773,-116.962527,1,1,"https://factfinder.census.gov/bkmk/cf/1.0/en/place/El Cajon city, California/ALL?utm_campaign=20180129dvz&utm_medium=viz&utm_source=tableau",https://www.census.gov/quickfacts/fact/table/ElCajoncityCalifornia,https://factfinder.census.gov/bkmk/cf/1.0/en/state/California/ALL?utm_campaign=20180129dvz&utm_medium=viz&utm_source=tableau,"U.S. Census Bureau, 2017 Annual Estimates of the Resident Population","U.S. Census Bureau, 2016 Annual Estimates of the Resident Population"
David Andrews,#60,C,25.0,295.0,3,Johns Creek,Georgia,"Johns Creek, Georgia",Georgia,New England,AFC,"83,873",13.0,0400000US13,34.018156,-84.190196,1,1,"https://factfinder.census.gov/bkmk/cf/1.0/en/place/Johns Creek city, Georgia/ALL?utm_campaign=20180129dvz&utm_medium=viz&utm_source=tableau",https://www.census.gov/quickfacts/fact/table/JohnsCreekcityGeorgia,https://factfinder.census.gov/bkmk/cf/1.0/en/state/Georgia/ALL?utm_campaign=20180129dvz&utm_medium=viz&utm_source=tableau,"U.S. Census Bureau, 2017 Annual Estimates of the Resident Population","U.S. Census Bureau, 2016 Annual Estimates of the Resident Population"
Marquis Flowers,#59,LB/LLB,25.0,250.0,4,Phoenix,Arizona,"Phoenix, Arizona",Arizona,New England,AFC,"16,15,017",4.0,0400000US04,33.446768,-112.075672,1,1,"https://factfinder.census.gov/bkmk/cf/1.0/en/place/Phoenix city, Arizona/ALL?utm_campaign=20180129dvz&utm_medium=viz&utm_source=tableau",https://www.census.gov/quickfacts/fact/table/PhoenixcityArizona,https://factfinder.census.gov/bkmk/cf/1.0/en/state/Arizona/ALL?utm_campaign=20180129dvz&utm_medium=viz&utm_source=tableau,"U.S. Census Bureau, 2017 Annual Estimates of the Resident Population","U.S. Census Bureau, 2016 Annual Estimates of the Resident Population"
Kyle Van Noy,#53,LB/LLB,26.0,243.0,4,Reno,Nevada,"Reno, Nevada",Brigham Young,New England,AFC,"2,45,255",32.0,0400000US32,39.52927,-119.813674,1,1,"https://factfinder.census.gov/bkmk/cf/1.0/en/place/Reno city, Nevada/ALL?utm_campaign=20180129dvz&utm_medium=viz&utm_source=tableau",https://www.census.gov/quickfacts/fact/table/RenocityNevada,https://factfinder.census.gov/bkmk/cf/1.0/en/state/Nevada/ALL?utm_campaign=20180129dvz&utm_medium=viz&utm_source=tableau,"U.S. Census Bureau, 2017 Annual Estimates of the Resident Population","U.S. Census Bureau, 2016 Annual Estimates of the Resident Population"
Dwayne Allen,#83,TE,27.0,265.0,6,Fayetteville,North Carolina,"Fayetteville, North Carolina",Clemson,New England,AFC,"2,04,759",37.0,0400000US37,35.052993,-78.878706,1,1,"https://factfinder.census.gov/bkmk/cf/1.0/en/place/Fayetteville city, North Carolina/ALL?utm_campaign=20180129dvz&utm_medium=viz&utm_source=tableau",https://www.census.gov/quickfacts/fact/table/FayettevillecityNorthCarolina,https://factfinder.census.gov/bkmk/cf/1.0/en/state/North Carolina/ALL?utm_campaign=20180129dvz&utm_medium=viz&utm_source=tableau,"U.S. Census Bureau, 2017 Annual Estimates of the Resident Population","U.S. Census Bureau, 2016 Annual Estimates of the Resident Population"
Kenny Britt,#85,WR,29.0,223.0,9,Bayonne,New Jersey,"Bayonne, New Jersey",Rutgers,New England,AFC,"66,238",34.0,0400000US34,40.668714,-74.114309,1,1,"https://factfinder.census.gov/bkmk/cf/1.0/en/place/Bayonne city, New Jersey/ALL?utm_campaign=20180129dvz&utm_medium=viz&utm_source=tableau",https://www.census.gov/quickfacts/fact/table/BayonnecityNewJersey,https://factfinder.census.gov/bkmk/cf/1.0/en/state/New Jersey/ALL?utm_campaign=20180129dvz&utm_medium=viz&utm_source=tableau,"U.S. Census Bureau, 2017 Annual Estimates of the Resident Population","U.S. Census Bureau, 2016 Annual Estimates of the Resident Population"
Ricky Jean Francois,#94,DT/LDE,31.0,313.0,9,Miami,Florida,"Miami, Florida",LSU,New England,AFC,"4,53,579",12.0,0400000US12,25.774266,-80.193659,2,1,"https://factfinder.census.gov/bkmk/cf/1.0/en/place/Miami city, Florida/ALL?utm_campaign=20180129dvz&utm_medium=viz&utm_source=tableau",https://www.census.gov/quickfacts/fact/table/MiamicityFlorida,https://factfinder.census.gov/bkmk/cf/1.0/en/state/Florida/ALL?utm_campaign=20180129dvz&utm_medium=viz&utm_source=tableau,"U.S. Census Bureau, 2017 Annual Estimates of the Resident Population","U.S. Census Bureau, 2016 Annual Estimates of the Resident Population"
Caleb Kidder,#64,DE,23.0,269.0,R,Helena,Montana,"Helena, Montana",Montana,New England,AFC,"31,169",30.0,0400000US30,46.592712,-112.036109,1,1,"https://factfinder.census.gov/bkmk/cf/1.0/en/place/Helena city, Montana/ALL?utm_campaign=20180129dvz&utm_medium=viz&utm_source=tableau",https://www.census.gov/quickfacts/fact/table/HelenacityMontana,https://factfinder.census.gov/bkmk/cf/1.0/en/state/Montana/ALL?utm_campaign=20180129dvz&utm_medium=viz&utm_source=tableau,"U.S. Census Bureau, 2017 Annual Estimates of the Resident Population","U.S. Census Bureau, 2016 Annual Estimates of the Resident Population"
Ted Karras,#75,G/C,24.0,305.0,2,Chicago,Illinois,"Chicago, Illinois",Illinois,New England,AFC,"27,04,958",17.0,0400000US17,41.875555,-87.624421,1,1,"https://factfinder.census.gov/bkmk/cf/1.0/en/place/Chicago city, Illinois/ALL?utm_campaign=20180129dvz&utm_medium=viz&utm_source=tableau",https://www.census.gov/quickfacts/fact/table/ChicagocityIllinois,https://factfinder.census.gov/bkmk/cf/1.0/en/state/Illinois/ALL?utm_campaign=20180129dvz&utm_medium=viz&utm_source=tableau,"U.S. Census Bureau, 2017 Annual Estimates of the Resident Population","U.S. Census Bureau, 2016 Annual Estimates of the Resident Population"
Jacob Hollister,#47,TE,24.0,239.0,R,Bend,Oregon,"Bend, Oregon",Wyoming,New England,AFC,"91,122",41.0,0400000US41,44.058173,-121.31531,1,1,"https://factfinder.census.gov/bkmk/cf/1.0/en/place/Bend city, Oregon/ALL?utm_campaign=20180129dvz&utm_medium=viz&utm_source=tableau",https://www.census.gov/quickfacts/fact/table/BendcityOregon,https://factfinder.census.gov/bkmk/cf/1.0/en/state/Oregon/ALL?utm_campaign=20180129dvz&utm_medium=viz&utm_source=tableau,"U.S. Census Bureau, 2017 Annual Estimates of the Resident Population","U.S. Census Bureau, 2016 Annual Estimates of the Resident Population"
Geneo Grissom,#96,DE/LDE,25.0,265.0,3,Hutchinson,Kansas,"Hutchinson, Kansas",Oklahoma,New England,AFC,"41,310",20.0,0400000US20,38.060844,-97.929774,1,1,"https://factfinder.census.gov/bkmk/cf/1.0/en/place/Hutchinson city, Kansas/ALL?utm_campaign=20180129dvz&utm_medium=viz&utm_source=tableau",https://www.census.gov/quickfacts/fact/table/HutchinsoncityKansas,https://factfinder.census.gov/bkmk/cf/1.0/en/state/Kansas/ALL?utm_campaign=20180129dvz&utm_medium=viz&utm_source=tableau,"U.S. Census Bureau, 2017 Annual Estimates of the Resident Population","U.S. Census Bureau, 2016 Annual Estimates of the Resident Population"
Lawrence Guy,#93,DE/LDE,27.0,305.0,7,Las Vegas,Nevada,"Las Vegas, Nevada",Arizona State,New England,AFC,"6,32,912",32.0,0400000US32,36.166286,-115.149225,1,1,"https://factfinder.census.gov/bkmk/cf/1.0/en/place/Las Vegas city, Nevada/ALL?utm_campaign=20180129dvz&utm_medium=viz&utm_source=tableau",https://www.census.gov/quickfacts/fact/table/LasVegascityNevada,https://factfinder.census.gov/bkmk/cf/1.0/en/state/Nevada/ALL?utm_campaign=20180129dvz&utm_medium=viz&utm_source=tableau,"U.S. Census Bureau, 2017 Annual Estimates of the Resident Population","U.S. Census Bureau, 2016 Annual Estimates of the Resident Population"
Tom Brady,#12,QB,40.0,225.0,18,San Mateo,California,"San Mateo, California",Michigan,New England,AFC,"1,03,959",6.0,0400000US06,37.496904,-122.333057,1,1,"https://factfinder.census.gov/bkmk/cf/1.0/en/place/San Mateo city, California/ALL?utm_campaign=20180129dvz&utm_medium=viz&utm_source=tableau",https://www.census.gov/quickfacts/fact/table/SanMateocityCalifornia,https://factfinder.census.gov/bkmk/cf/1.0/en/state/California/ALL?utm_campaign=20180129dvz&utm_medium=viz&utm_source=tableau,"U.S. Census Bureau, 2017 Annual Estimates of the Resident Population","U.S. Census Bureau, 2016 Annual Estimates of the Resident Population"
Derek Rivers,#95,DE,23.0,250.0,R,Kinston,North Carolina,"Kinston, North Carolina",Youngstown State,New England,AFC,"20,923",37.0,0400000US37,35.262664,-77.581635,1,1,"https://factfinder.census.gov/bkmk/cf/1.0/en/place/Kinston city, North Carolina/ALL?utm_campaign=20180129dvz&utm_medium=viz&utm_source=tableau",https://www.census.gov/quickfacts/fact/table/KinstoncityNorthCarolina,https://factfinder.census.gov/bkmk/cf/1.0/en/state/North Carolina/ALL?utm_campaign=20180129dvz&utm_medium=viz&utm_source=tableau,"U.S. Census Bureau, 2017 Annual Estimates of the Resident Population","U.S. Census Bureau, 2016 Annual Estimates of the Resident Population"
Deatrich Wise Jr.,#91,DE/LDT,23.0,271.0,R,Carrollton,Texas,"Carrollton, Texas",Arkansas,New England,AFC,"1,33,351",48.0,0400000US48,32.953735,-96.890282,1,1,"https://factfinder.census.gov/bkmk/cf/1.0/en/place/Carrollton city, Texas/ALL?utm_campaign=20180129dvz&utm_medium=viz&utm_source=tableau",https://www.census.gov/quickfacts/fact/table/CarrolltoncityTexas,https://factfinder.census.gov/bkmk/cf/1.0/en/state/Texas/ALL?utm_campaign=20180129dvz&utm_medium=viz&utm_source=tableau,"U.S. Census Bureau, 2017 Annual Estimates of the Resident Population","U.S. Census Bureau, 2016 Annual Estimates of the Resident Population"
Adam Butler,#70,DT/RDT,23.0,300.0,R,Duncanville,Texas,"Duncanville, Texas",Vanderbilt,New England,AFC,"39,457",48.0,0400000US48,32.6518,-96.908337,1,1,"https://factfinder.census.gov/bkmk/cf/1.0/en/place/Duncanville city, Texas/ALL?utm_campaign=20180129dvz&utm_medium=viz&utm_source=tableau",https://www.census.gov/quickfacts/fact/table/DuncanvillecityTexas,https://factfinder.census.gov/bkmk/cf/1.0/en/state/Texas/ALL?utm_campaign=20180129dvz&utm_medium=viz&utm_source=tableau,"U.S. Census Bureau, 2017 Annual Estimates of the Resident Population","U.S. Census Bureau, 2016 Annual Estimates of the Resident Population"
Cole Croston,#74,T/LOG,24.0,315.0,R,Sergeant Bluff,Iowa,"Sergeant Bluff, Iowa",Iowa,New England,AFC,"4,551",19.0,0400000US19,42.403882,-96.35864,1,1,"https://factfinder.census.gov/bkmk/cf/1.0/en/place/Sergeant Bluff city, Iowa/ALL?utm_campaign=20180129dvz&utm_medium=viz&utm_source=tableau",https://www.census.gov/quickfacts/fact/table/SergeantBluffcityIowa,https://factfinder.census.gov/bkmk/cf/1.0/en/state/Iowa/ALL?utm_campaign=20180129dvz&utm_medium=viz&utm_source=tableau,"U.S. Census Bureau, 2017 Annual Estimates of the Resident Population","U.S. Census Bureau, 2016 Annual Estimates of the Resident Population"
Joe Thuney,#62,G/LOG,25.0,305.0,2,Centerville,Ohio,"Centerville, Ohio",North Carolina State,New England,AFC,"23,817",39.0,0400000US39,39.628393,-84.159382,1,1,"https://factfinder.census.gov/bkmk/cf/1.0/en/place/Centerville city, Ohio/ALL?utm_campaign=20180129dvz&utm_medium=viz&utm_source=tableau",https://www.census.gov/quickfacts/fact/table/CentervillecityOhio,https://factfinder.census.gov/bkmk/cf/1.0/en/state/Ohio/ALL?utm_campaign=20180129dvz&utm_medium=viz&utm_source=tableau,"U.S. Census Bureau, 2017 Annual Estimates of the Resident Population","U.S. Census Bureau, 2016 Annual Estimates of the Resident Population"
LaAdrian Waddle,#68,T/LOT,26.0,315.0,5,College Station,Texas,"College Station, Texas",Texas Tech,New England,AFC,"1,12,141",48.0,0400000US48,30.625346,-96.327154,1,1,"https://factfinder.census.gov/bkmk/cf/1.0/en/place/College Station city, Texas/ALL?utm_campaign=20180129dvz&utm_medium=viz&utm_source=tableau",https://www.census.gov/quickfacts/fact/table/CollegeStationcityTexas,https://factfinder.census.gov/bkmk/cf/1.0/en/state/Texas/ALL?utm_campaign=20180129dvz&utm_medium=viz&utm_source=tableau,"U.S. Census Bureau, 2017 Annual Estimates of the Resident Population","U.S. Census Bureau, 2016 Annual Estimates of the Resident Population"
Rob Gronkowski,#87,TE,28.0,265.0,8,Williamsville,New York,"Williamsville, New York",Arizona,New England,AFC,"5,236",36.0,0400000US36,42.963784,-78.737726,1,1,"https://factfinder.census.gov/bkmk/cf/1.0/en/place/Williamsville village, New York/ALL?utm_campaign=20180129dvz&utm_medium=viz&utm_source=tableau",https://www.census.gov/quickfacts/fact/table/WilliamsvillecityNewYork,https://factfinder.census.gov/bkmk/cf/1.0/en/state/New York/ALL?utm_campaign=20180129dvz&utm_medium=viz&utm_source=tableau,"U.S. Census Bureau, 2017 Annual Estimates of the Resident Population","U.S. Census Bureau, 2016 Annual Estimates of the Resident Population"
Martellus Bennett,#88,TE,30.0,275.0,10,Houston,Texas,"Houston, Texas",Texas A&M,New England,AFC,"23,03,482",48.0,0400000US48,29.758938,-95.367697,1,1,"https://factfinder.census.gov/bkmk/cf/1.0/en/place/Houston city, Texas/ALL?utm_campaign=20180129dvz&utm_medium=viz&utm_source=tableau",https://www.census.gov/quickfacts/fact/table/HoustoncityTexas,https://factfinder.census.gov/bkmk/cf/1.0/en/state/Texas/ALL?utm_campaign=20180129dvz&utm_medium=viz&utm_source=tableau,"U.S. Census Bureau, 2017 Annual Estimates of the Resident Population","U.S. Census Bureau, 2016 Annual Estimates of the Resident Population"
Alan Branch,#97,DT/LDT,33.0,350.0,11,Albuquerque,New Mexico,"Albuquerque, New Mexico",Michigan,New England,AFC,"5,59,277",35.0,0400000US35,35.084103,-106.650985,1,1,"https://factfinder.census.gov/bkmk/cf/1.0/en/place/Albuquerque city, New Mexico/ALL?utm_campaign=20180129dvz&utm_medium=viz&utm_source=tableau",https://www.census.gov/quickfacts/fact/table/AlbuquerquecityNewMexico,https://factfinder.census.gov/bkmk/cf/1.0/en/state/New Mexico/ALL?utm_campaign=20180129dvz&utm_medium=viz&utm_source=tableau,"U.S. Census Bureau, 2017 Annual Estimates of the Resident Population","U.S. Census Bureau, 2016 Annual Estimates of the Resident Population"
Nate Solder,#77,T/LOT,29.0,325.0,7,Denver,Colorado,"Denver, Colorado",Colorado,New England,AFC,"6,93,060",8.0,0400000US08,39.739154,-104.984703,1,1,"https://factfinder.census.gov/bkmk/cf/1.0/en/place/Denver city, Colorado/ALL?utm_campaign=20180129dvz&utm_medium=viz&utm_source=tableau",https://www.census.gov/quickfacts/fact/table/DenvercityColorado,https://factfinder.census.gov/bkmk/cf/1.0/en/state/Colorado/ALL?utm_campaign=20180129dvz&utm_medium=viz&utm_source=tableau,"U.S. Census Bureau, 2017 Annual Estimates of the Resident Population","U.S. Census Bureau, 2016 Annual Estimates of the Resident Population"
Brandon Bolden,#38,RB/SPTM,27.0,220.0,6,Baton Rouge,Louisiana,"Baton Rouge, Louisiana",Mississippi,New England,AFC,"2,27,715",22.0,0400000US22,30.450746,-91.154551,2,1,"https://factfinder.census.gov/bkmk/cf/1.0/en/place/Baton Rouge city, Louisiana/ALL?utm_campaign=20180129dvz&utm_medium=viz&utm_source=tableau",https://www.census.gov/quickfacts/fact/table/BatonRougecityLouisiana,https://factfinder.census.gov/bkmk/cf/1.0/en/state/Louisiana/ALL?utm_campaign=20180129dvz&utm_medium=viz&utm_source=tableau,"U.S. Census Bureau, 2017 Annual Estimates of the Resident Population","U.S. Census Bureau, 2016 Annual Estimates of the Resident Population"
Destiny Vaeao,#97,DT/LDT,24.0,299.0,2,Pago Pago,American Samoa,"Pago Pago, American Samoa",Washington State,Philadelphia,NFC,"55,519 (2010 Census)",75.0,0400000US75,-14.252294,-170.71345,1,1,https://factfinder.census.gov/bkmk/table/1.0/en/DEC/10_DPAS/ASDP1?utm_campaign=20180129dvz&utm_medium=viz&utm_source=tableau,https://factfinder.census.gov/bkmk/table/1.0/en/DEC/10_DPAS/ASDP1,https://factfinder.census.gov/bkmk/table/1.0/en/DEC/10_DPAS/ASDP1?utm_campaign=20180129dvz&utm_medium=viz&utm_source=tableau,"U.S. Census Bureau, 2010 Census, American Samoa","U.S. Census Bureau, 2010 Census, American Samoa"
Ronald Darby,#41,CB/RCB,24.0,193.0,3,Oxon Hill,Maryland,"Oxon Hill, Maryland",Florida State,Philadelphia,NFC,"18,397",24.0,0400000US24,38.803596,-76.989657,1,1,"https://factfinder.census.gov/bkmk/cf/1.0/en/place/Oxon Hill CDP, Maryland/ALL?utm_campaign=20180129dvz&utm_medium=viz&utm_source=tableau",https://www.census.gov/quickfacts/fact/table/OxonHillcityMaryland,https://factfinder.census.gov/bkmk/cf/1.0/en/state/Maryland/ALL?utm_campaign=20180129dvz&utm_medium=viz&utm_source=tableau,"U.S. Census Bureau, 2017 Annual Estimates of the Resident Population","U.S. Census Bureau, 2012-2016 American Community Survey Five Year Estimates "
Malcolm Jenkins,#27,S/SS/SPTM,30.0,204.0,9,Piscataway,New Jersey,"Piscataway, New Jersey",Ohio State,Philadelphia,NFC,"57,432",34.0,0400000US34,40.546255,-74.466041,1,1,"https://factfinder.census.gov/bkmk/cf/1.0/en/place/Piscataway township, Middlesex County, New Jersey/ALL?utm_campaign=20180129dvz&utm_medium=viz&utm_source=tableau",https://www.census.gov/quickfacts/fact/table/PiscatawaycityNewJersey,https://factfinder.census.gov/bkmk/cf/1.0/en/state/New Jersey/ALL?utm_campaign=20180129dvz&utm_medium=viz&utm_source=tableau,"U.S. Census Bureau, 2017 Annual Estimates of the Resident Population","U.S. Census Bureau, 2012-2016 American Community Survey Five Year Estimates "
Rick Lovato,#45,LB/LS,25.0,249.0,1,Middletown,New Jersey,"Middletown, New Jersey",Old Dominion,Philadelphia,NFC,"65,995",34.0,0400000US34,39.271226,-74.743496,1,1,"https://factfinder.census.gov/bkmk/cf/1.0/en/place/Middletown township, Monmouth County, New Jersey/ALL?utm_campaign=20180129dvz&utm_medium=viz&utm_source=tableau",https://www.census.gov/quickfacts/fact/table/MiddletowncityNewJersey,https://factfinder.census.gov/bkmk/cf/1.0/en/state/New Jersey/ALL?utm_campaign=20180129dvz&utm_medium=viz&utm_source=tableau,"U.S. Census Bureau, 2017 Annual Estimates of the Resident Population","U.S. Census Bureau, 2012-2016 American Community Survey Five Year Estimates "
Nigel Bradham,#53,LB/LLB,28.0,241.0,6,Crawfordville,Florida,"Crawfordville, Florida",Florida State,Philadelphia,NFC,"4,115",12.0,0400000US12,30.176036,-84.375178,1,1,"https://factfinder.census.gov/bkmk/cf/1.0/en/place/Crawfordville CDP, Florida/ALL?utm_campaign=20180129dvz&utm_medium=viz&utm_source=tableau",https://www.census.gov/quickfacts/fact/table/CrawfordvillecityFlorida,https://factfinder.census.gov/bkmk/cf/1.0/en/state/Florida/ALL?utm_campaign=20180129dvz&utm_medium=viz&utm_source=tableau,"U.S. Census Bureau, 2017 Annual Estimates of the Resident Population","U.S. Census Bureau, 2012-2016 American Community Survey Five Year Estimates "
Corey Clement,#30,KR/RB,23.0,220.0,R,Glassboro,New Jersey,"Glassboro, New Jersey",Wisconsin,Philadelphia,NFC,"19,835",34.0,0400000US34,39.702768,-75.111943,1,1,"https://factfinder.census.gov/bkmk/cf/1.0/en/place/Glassboro borough, New Jersey/ALL?utm_campaign=20180129dvz&utm_medium=viz&utm_source=tableau",https://www.census.gov/quickfacts/fact/table/GlassborocityNewJersey,https://factfinder.census.gov/bkmk/cf/1.0/en/state/New Jersey/ALL?utm_campaign=20180129dvz&utm_medium=viz&utm_source=tableau,"U.S. Census Bureau, 2017 Annual Estimates of the Resident Population","U.S. Census Bureau, 2016 Annual Estimates of the Resident Population"
Derek Barnett,#96,DE/RDE,21.0,259.0,R,Nashville,Tennessee,"Nashville, Tennessee",Tennessee,Philadelphia,NFC,"6,60,388",47.0,0400000US47,36.16223,-86.774353,1,1,"https://factfinder.census.gov/bkmk/cf/1.0/en/place/Nashville-Davidson metropolitan government (balance), Tennessee/ALL?utm_campaign=20180129dvz&utm_medium=viz&utm_source=tableau",https://www.census.gov/quickfacts/fact/table/NashvillecityTennessee,https://factfinder.census.gov/bkmk/cf/1.0/en/state/Tennessee/ALL?utm_campaign=20180129dvz&utm_medium=viz&utm_source=tableau,"U.S. Census Bureau, 2017 Annual Estimates of the Resident Population","U.S. Census Bureau, 2016 Annual Estimates of the Resident Population"
Vinny Curry,#75,DE/RDE,29.0,279.0,6,Neptune,New Jersey,"Neptune, New Jersey",Marshall,Philadelphia,NFC,"4,731",34.0,0400000US34,40.223998,-74.047822,1,1,"https://factfinder.census.gov/bkmk/cf/1.0/en/place/Neptune township, Monmouth County, New Jersey/ALL?utm_campaign=20180129dvz&utm_medium=viz&utm_source=tableau",https://www.census.gov/quickfacts/fact/table/NeptunecityNewJersey,https://factfinder.census.gov/bkmk/cf/1.0/en/state/New Jersey/ALL?utm_campaign=20180129dvz&utm_medium=viz&utm_source=tableau,"U.S. Census Bureau, 2017 Annual Estimates of the Resident Population","U.S. Census Bureau, 2016 Annual Estimates of the Resident Population"
Jay Ajayi,#36,RB,24.0,223.0,3,London,England,"London, England",Boise State,Philadelphia,NFC,65.1 M (UK),74.0,0400000US74,51.507322,-0.127647,1,1,https://www.census.gov/popclock/world/uk?utm_campaign=20180129dvz&utm_medium=viz&utm_source=tableau,https://www.census.gov/popclock/world/uk,https://www.census.gov/popclock/world/uk?utm_campaign=20180129dvz&utm_medium=viz&utm_source=tableau,"U.S. Census Bureau, International Data Base (demographic data) - United Kingdom","U.S. Census Bureau, International Data Base (demographic data) - United Kingdom"
Wendell Smallwood,#28,RB/KR,23.0,208.0,2,Wilmington,Delaware,"Wilmington, Delaware",West Virginia,Philadelphia,NFC,"71,442",10.0,0400000US10,39.745947,-75.546589,1,1,"https://factfinder.census.gov/bkmk/cf/1.0/en/place/Wilmington city, Delaware/ALL?utm_campaign=20180129dvz&utm_medium=viz&utm_source=tableau",https://www.census.gov/quickfacts/fact/table/WilmingtoncityDelaware,https://factfinder.census.gov/bkmk/cf/1.0/en/state/Delaware/ALL?utm_campaign=20180129dvz&utm_medium=viz&utm_source=tableau,"U.S. Census Bureau, 2017 Annual Estimates of the Resident Population","U.S. Census Bureau, 2016 Annual Estimates of the Resident Population"
Rodney McLeod,#23,S/FS,27.0,195.0,6,Hyattsville,Maryland,"Hyattsville, Maryland",Virginia,Philadelphia,NFC,"18,449",24.0,0400000US24,38.95325,-76.940852,1,1,"https://factfinder.census.gov/bkmk/cf/1.0/en/place/Hyattsville city, Maryland/ALL?utm_campaign=20180129dvz&utm_medium=viz&utm_source=tableau",https://www.census.gov/quickfacts/fact/table/HyattsvillecityMaryland,https://factfinder.census.gov/bkmk/cf/1.0/en/state/Maryland/ALL?utm_campaign=20180129dvz&utm_medium=viz&utm_source=tableau,"U.S. Census Bureau, 2017 Annual Estimates of the Resident Population","U.S. Census Bureau, 2016 Annual Estimates of the Resident Population"
Shelton Gibson,#18,WR,22.0,191.0,R,Cleveland,Ohio,"Cleveland, Ohio",West Virginia,Philadelphia,NFC,"3,85,809",39.0,0400000US39,41.505161,-81.693445,3,1,"https://factfinder.census.gov/bkmk/cf/1.0/en/place/Cleveland city, Ohio/ALL?utm_campaign=20180129dvz&utm_medium=viz&utm_source=tableau",https://www.census.gov/quickfacts/fact/table/ClevelandcityOhio,https://factfinder.census.gov/bkmk/cf/1.0/en/state/Ohio/ALL?utm_campaign=20180129dvz&utm_medium=viz&utm_source=tableau,"U.S. Census Bureau, 2017 Annual Estimates of the Resident Population","U.S. Census Bureau, 2016 Annual Estimates of the Resident Population"
Jaylen Watkins,#26,S/SS,26.0,194.0,3,Cape Coral,Florida,"Cape Coral, Florida",Florida,Philadelphia,NFC,"1,79,804",12.0,0400000US12,26.606923,-81.980263,1,1,"https://factfinder.census.gov/bkmk/cf/1.0/en/place/Cape Coral city, Florida/ALL?utm_campaign=20180129dvz&utm_medium=viz&utm_source=tableau",https://www.census.gov/quickfacts/fact/table/CapeCoralcityFlorida,https://factfinder.census.gov/bkmk/cf/1.0/en/state/Florida/ALL?utm_campaign=20180129dvz&utm_medium=viz&utm_source=tableau,"U.S. Census Bureau, 2017 Annual Estimates of the Resident Population","U.S. Census Bureau, 2016 Annual Estimates of the Resident Population"
Patrick Robinson,#21,CB/LCB,30.0,191.0,8,Miami,Florida,"Miami, Florida",Florida State,Philadelphia,NFC,"4,53,579",12.0,0400000US12,25.774266,-80.193659,2,1,"https://factfinder.census.gov/bkmk/cf/1.0/en/place/Miami city, Florida/ALL?utm_campaign=20180129dvz&utm_medium=viz&utm_source=tableau",https://www.census.gov/quickfacts/fact/table/MiamicityFlorida,https://factfinder.census.gov/bkmk/cf/1.0/en/state/Florida/ALL?utm_campaign=20180129dvz&utm_medium=viz&utm_source=tableau,"U.S. Census Bureau, 2017 Annual Estimates of the Resident Population","U.S. Census Bureau, 2016 Annual Estimates of the Resident Population"
Darren Sproles,#43,RB,34.0,190.0,13,Waterloo,Iowa,"Waterloo, Iowa",Kansas State,Philadelphia,NFC,"67,934",19.0,0400000US19,42.498286,-92.336869,1,1,"https://factfinder.census.gov/bkmk/cf/1.0/en/place/Waterloo city, Iowa/ALL?utm_campaign=20180129dvz&utm_medium=viz&utm_source=tableau",https://www.census.gov/quickfacts/fact/table/WaterloocityIowa,https://factfinder.census.gov/bkmk/cf/1.0/en/state/Iowa/ALL?utm_campaign=20180129dvz&utm_medium=viz&utm_source=tableau,"U.S. Census Bureau, 2017 Annual Estimates of the Resident Population","U.S. Census Bureau, 2016 Annual Estimates of the Resident Population"
Jake Elliott,#4,K/KFG/KKO,22.0,167.0,R,La Grange,Illinois,"La Grange, Illinois",Memphis,Philadelphia,NFC,"15,610",17.0,0400000US17,41.805458,-87.874864,1,1,"https://factfinder.census.gov/bkmk/cf/1.0/en/place/La Grange village, Illinois/ALL?utm_campaign=20180129dvz&utm_medium=viz&utm_source=tableau",https://www.census.gov/quickfacts/fact/table/LaGrangecityIllinois,https://factfinder.census.gov/bkmk/cf/1.0/en/state/Illinois/ALL?utm_campaign=20180129dvz&utm_medium=viz&utm_source=tableau,"U.S. Census Bureau, 2017 Annual Estimates of the Resident Population","U.S. Census Bureau, 2016 Annual Estimates of the Resident Population"
Donnel Pumphrey,#34,RB,23.0,176.0,R,North Las Vegas,Nevada,"North Las Vegas, Nevada",San Diego State,Philadelphia,NFC,"2,38,702",32.0,0400000US32,36.200837,-115.112096,1,1,"https://factfinder.census.gov/bkmk/cf/1.0/en/place/North Las Vegas city, Nevada/ALL?utm_campaign=20180129dvz&utm_medium=viz&utm_source=tableau",https://www.census.gov/quickfacts/fact/table/NorthLasVegascityNevada,https://factfinder.census.gov/bkmk/cf/1.0/en/state/Nevada/ALL?utm_campaign=20180129dvz&utm_medium=viz&utm_source=tableau,"U.S. Census Bureau, 2017 Annual Estimates of the Resident Population","U.S. Census Bureau, 2016 Annual Estimates of the Resident Population"
Kenjon Barner,#38,RB/KR/PR,27.0,195.0,4,Lynwood,California,"Lynwood, California",Oregon,Philadelphia,NFC,"71,187",6.0,0400000US06,33.930323,-118.211493,1,1,"https://factfinder.census.gov/bkmk/cf/1.0/en/place/Lynwood city, California/ALL?utm_campaign=20180129dvz&utm_medium=viz&utm_source=tableau",https://www.census.gov/quickfacts/fact/table/LynwoodcityCalifornia,https://factfinder.census.gov/bkmk/cf/1.0/en/state/California/ALL?utm_campaign=20180129dvz&utm_medium=viz&utm_source=tableau,"U.S. Census Bureau, 2017 Annual Estimates of the Resident Population","U.S. Census Bureau, 2016 Annual Estimates of the Resident Population"
Sidney Jones,#22,CB/LCB,21.0,181.0,R,Diamond Bar,California,"Diamond Bar, California",Washington,Philadelphia,NFC,"56,793",6.0,0400000US06,34.028623,-117.810337,1,1,"https://factfinder.census.gov/bkmk/cf/1.0/en/place/Diamond Bar city, California/ALL?utm_campaign=20180129dvz&utm_medium=viz&utm_source=tableau",https://www.census.gov/quickfacts/fact/table/DiamondBarcityCalifornia,https://factfinder.census.gov/bkmk/cf/1.0/en/state/California/ALL?utm_campaign=20180129dvz&utm_medium=viz&utm_source=tableau,"U.S. Census Bureau, 2017 Annual Estimates of the Resident Population","U.S. Census Bureau, 2016 Annual Estimates of the Resident Population"
Jalen Mills,#31,CB/LCB,23.0,191.0,2,DeSoto,Texas,"DeSoto, Texas",LSU,Philadelphia,NFC,"52,599",48.0,0400000US48,32.606015,-96.865657,1,1,"https://factfinder.census.gov/bkmk/cf/1.0/en/place/DeSoto city, Texas/ALL?utm_campaign=20180129dvz&utm_medium=viz&utm_source=tableau",https://www.census.gov/quickfacts/fact/table/DeSotocityTexas,https://factfinder.census.gov/bkmk/cf/1.0/en/state/Texas/ALL?utm_campaign=20180129dvz&utm_medium=viz&utm_source=tableau,"U.S. Census Bureau, 2017 Annual Estimates of the Resident Population","U.S. Census Bureau, 2016 Annual Estimates of the Resident Population"
Nelson Agholor,#13,WR,24.0,198.0,3,Tampa,Florida,"Tampa, Florida",USC,Philadelphia,NFC,"3,77,165",12.0,0400000US12,27.94776,-82.458444,1,1,"https://factfinder.census.gov/bkmk/cf/1.0/en/place/Tampa city, Florida/ALL?utm_campaign=20180129dvz&utm_medium=viz&utm_source=tableau",https://www.census.gov/quickfacts/fact/table/TampacityFlorida,https://factfinder.census.gov/bkmk/cf/1.0/en/state/Florida/ALL?utm_campaign=20180129dvz&utm_medium=viz&utm_source=tableau,"U.S. Census Bureau, 2017 Annual Estimates of the Resident Population","U.S. Census Bureau, 2016 Annual Estimates of the Resident Population"
Mychal Kendricks,#95,LB/RLB,27.0,240.0,6,Fresno,California,"Fresno, California",California,Philadelphia,NFC,"5,22,053",6.0,0400000US06,36.748793,-119.71484,1,1,"https://factfinder.census.gov/bkmk/cf/1.0/en/place/Fresno city, California/ALL?utm_campaign=20180129dvz&utm_medium=viz&utm_source=tableau",https://www.census.gov/quickfacts/fact/table/FresnocityCalifornia,https://factfinder.census.gov/bkmk/cf/1.0/en/state/California/ALL?utm_campaign=20180129dvz&utm_medium=viz&utm_source=tableau,"U.S. Census Bureau, 2017 Annual Estimates of the Resident Population","U.S. Census Bureau, 2016 Annual Estimates of the Resident Population"
Najee Goode,#52,LB/LLB/SPTM,28.0,244.0,6,Cleveland,Ohio,"Cleveland, Ohio",West Virginia,Philadelphia,NFC,"3,85,809",39.0,0400000US39,41.505161,-81.693445,3,1,"https://factfinder.census.gov/bkmk/cf/1.0/en/place/Cleveland city, Ohio/ALL?utm_campaign=20180129dvz&utm_medium=viz&utm_source=tableau",https://www.census.gov/quickfacts/fact/table/ClevelandcityOhio,https://factfinder.census.gov/bkmk/cf/1.0/en/state/Ohio/ALL?utm_campaign=20180129dvz&utm_medium=viz&utm_source=tableau,"U.S. Census Bureau, 2017 Annual Estimates of the Resident Population","U.S. Census Bureau, 2016 Annual Estimates of the Resident Population"
Torrey Smith,#82,WR/PR,28.0,205.0,7,Fredericksburg,Virginia,"Fredericksburg, Virginia",Maryland,Philadelphia,NFC,"28,297",51.0,0400000US51,38.303184,-77.46054,1,1,"https://factfinder.census.gov/bkmk/cf/1.0/en/place/Fredericksburg city, Virginia/ALL?utm_campaign=20180129dvz&utm_medium=viz&utm_source=tableau",https://www.census.gov/quickfacts/fact/table/FredericksburgcityVirginia,https://factfinder.census.gov/bkmk/cf/1.0/en/state/Virginia/ALL?utm_campaign=20180129dvz&utm_medium=viz&utm_source=tableau,"U.S. Census Bureau, 2017 Annual Estimates of the Resident Population","U.S. Census Bureau, 2016 Annual Estimates of the Resident Population"
LeGarrette Blount,#29,RB,31.0,250.0,8,Madison city,Florida,"Madison, Florida",Oregon,Philadelphia,NFC,"2,853",12.0,0400000US12,30.451435,-83.452452,1,1,"https://factfinder.census.gov/bkmk/cf/1.0/en/place/Madison city, Florida/ALL?utm_campaign=20180129dvz&utm_medium=viz&utm_source=tableau",https://www.census.gov/quickfacts/fact/table/MadisoncityFlorida,https://factfinder.census.gov/bkmk/cf/1.0/en/state/Florida/ALL?utm_campaign=20180129dvz&utm_medium=viz&utm_source=tableau,"U.S. Census Bureau, 2017 Annual Estimates of the Resident Population","U.S. Census Bureau, 2016 Annual Estimates of the Resident Population"
Corey Graham,#24,S/FS,32.0,196.0,11,Buffalo,New York,"Buffalo, New York",New Hampshire,Philadelphia,NFC,"2,56,902",36.0,0400000US36,42.886717,-78.878392,2,1,"https://factfinder.census.gov/bkmk/cf/1.0/en/place/Buffalo city, New York/ALL?utm_campaign=20180129dvz&utm_medium=viz&utm_source=tableau",https://www.census.gov/quickfacts/fact/table/BuffalocityNewYork,https://factfinder.census.gov/bkmk/cf/1.0/en/state/New York/ALL?utm_campaign=20180129dvz&utm_medium=viz&utm_source=tableau,"U.S. Census Bureau, 2017 Annual Estimates of the Resident Population","U.S. Census Bureau, 2016 Annual Estimates of the Resident Population"
Elijah Qualls,#98,DT/LDT,22.0,321.0,R,Petaluma,California,"Petaluma, California",Washington,Philadelphia,NFC,"60,530",6.0,0400000US06,38.295411,-122.613693,1,1,"https://factfinder.census.gov/bkmk/cf/1.0/en/place/Petaluma city, California/ALL?utm_campaign=20180129dvz&utm_medium=viz&utm_source=tableau",https://www.census.gov/quickfacts/fact/table/PetalumacityCalifornia,https://factfinder.census.gov/bkmk/cf/1.0/en/state/California/ALL?utm_campaign=20180129dvz&utm_medium=viz&utm_source=tableau,"U.S. Census Bureau, 2017 Annual Estimates of the Resident Population","U.S. Census Bureau, 2016 Annual Estimates of the Resident Population"
Marcus Johnson,#14,WR,23.0,204.0,1,League City,Texas,"League City, Texas",Texas,Philadelphia,NFC,"1,02,010",48.0,0400000US48,29.516313,-95.087958,1,1,"https://factfinder.census.gov/bkmk/cf/1.0/en/place/League City city, Texas/ALL?utm_campaign=20180129dvz&utm_medium=viz&utm_source=tableau",https://www.census.gov/quickfacts/fact/table/LeagueCitycityTexas,https://factfinder.census.gov/bkmk/cf/1.0/en/state/Texas/ALL?utm_campaign=20180129dvz&utm_medium=viz&utm_source=tableau,"U.S. Census Bureau, 2017 Annual Estimates of the Resident Population","U.S. Census Bureau, 2016 Annual Estimates of the Resident Population"
Dannell Ellerbe,#57,LB/MLB,32.0,245.0,9,Hamlet,North Carolina,"Hamlet, North Carolina",Georgia,Philadelphia,NFC,"6,391",37.0,0400000US37,34.884878,-79.694222,1,1,"https://factfinder.census.gov/bkmk/cf/1.0/en/place/Hamlet city, North Carolina/ALL?utm_campaign=20180129dvz&utm_medium=viz&utm_source=tableau",https://www.census.gov/quickfacts/fact/table/HamletcityNorthCarolina,https://factfinder.census.gov/bkmk/cf/1.0/en/state/North Carolina/ALL?utm_campaign=20180129dvz&utm_medium=viz&utm_source=tableau,"U.S. Census Bureau, 2017 Annual Estimates of the Resident Population","U.S. Census Bureau, 2016 Annual Estimates of the Resident Population"
Rasul Douglas,#32,CB/RCB,22.0,209.0,R,East Orange,New Jersey,"East Orange, New Jersey",West Virginia,Philadelphia,NFC,"64,789",34.0,0400000US34,40.767323,-74.204868,1,1,"https://factfinder.census.gov/bkmk/cf/1.0/en/place/East Orange city, New Jersey/ALL?utm_campaign=20180129dvz&utm_medium=viz&utm_source=tableau",https://www.census.gov/quickfacts/fact/table/EastOrangecityNewJersey,https://factfinder.census.gov/bkmk/cf/1.0/en/state/New Jersey/ALL?utm_campaign=20180129dvz&utm_medium=viz&utm_source=tableau,"U.S. Census Bureau, 2017 Annual Estimates of the Resident Population","U.S. Census Bureau, 2016 Annual Estimates of the Resident Population"
Nathan Gerry,#47,LB/RLB,22.0,218.0,R,Sioux Falls,South Dakota,"Sioux Falls, South Dakota",Nebraska,Philadelphia,NFC,"1,74,360",46.0,0400000US46,43.549975,-96.700327,1,1,"https://factfinder.census.gov/bkmk/cf/1.0/en/place/Sioux Falls city, South Dakota/ALL?utm_campaign=20180129dvz&utm_medium=viz&utm_source=tableau",https://www.census.gov/quickfacts/fact/table/SiouxFallscitySouthDakota,https://factfinder.census.gov/bkmk/cf/1.0/en/state/South Dakota/ALL?utm_campaign=20180129dvz&utm_medium=viz&utm_source=tableau,"U.S. Census Bureau, 2017 Annual Estimates of the Resident Population","U.S. Census Bureau, 2016 Annual Estimates of the Resident Population"
Aziz Shittu,#98,DT,23.0,288.0,1,Merced,California,"Merced, California",Stanford,Philadelphia,NFC,"82,594",6.0,0400000US06,37.302957,-120.484327,1,1,"https://factfinder.census.gov/bkmk/cf/1.0/en/place/Merced city, California/ALL?utm_campaign=20180129dvz&utm_medium=viz&utm_source=tableau",https://www.census.gov/quickfacts/fact/table/MercedcityCalifornia,https://factfinder.census.gov/bkmk/cf/1.0/en/state/California/ALL?utm_campaign=20180129dvz&utm_medium=viz&utm_source=tableau,"U.S. Census Bureau, 2017 Annual Estimates of the Resident Population","U.S. Census Bureau, 2016 Annual Estimates of the Resident Population"
Timmy Jernigan,#93,DT/RDT,25.0,295.0,4,Lake City,Florida,"Lake City, Florida",Florida State,Philadelphia,NFC,"12,285",12.0,0400000US12,30.189676,-82.63929,1,1,"https://factfinder.census.gov/bkmk/cf/1.0/en/place/Lake City city, Florida/ALL?utm_campaign=20180129dvz&utm_medium=viz&utm_source=tableau",https://www.census.gov/quickfacts/fact/table/LakeCitycityFlorida,https://factfinder.census.gov/bkmk/cf/1.0/en/state/Florida/ALL?utm_campaign=20180129dvz&utm_medium=viz&utm_source=tableau,"U.S. Census Bureau, 2017 Annual Estimates of the Resident Population","U.S. Census Bureau, 2016 Annual Estimates of the Resident Population"
Chance Warmack,#67,G/LOG,26.0,323.0,5,Atlanta,Georgia,"Atlanta, Georgia",Alabama,Philadelphia,NFC,"4,72,522",13.0,0400000US13,33.749099,-84.390185,1,1,"https://factfinder.census.gov/bkmk/cf/1.0/en/place/Atlanta city, Georgia/ALL?utm_campaign=20180129dvz&utm_medium=viz&utm_source=tableau",https://www.census.gov/quickfacts/fact/table/AtlantacityGeorgia,https://factfinder.census.gov/bkmk/cf/1.0/en/state/Georgia/ALL?utm_campaign=20180129dvz&utm_medium=viz&utm_source=tableau,"U.S. Census Bureau, 2017 Annual Estimates of the Resident Population","U.S. Census Bureau, 2016 Annual Estimates of the Resident Population"
Dom Williams,#80,WR,27.0,200.0,1,Pomona,California,"Pomona, California",Washington State,Philadelphia,NFC,"1,52,494",6.0,0400000US06,34.055289,-117.752279,1,1,"https://factfinder.census.gov/bkmk/cf/1.0/en/place/Pomona city, California/ALL?utm_campaign=20180129dvz&utm_medium=viz&utm_source=tableau",https://www.census.gov/quickfacts/fact/table/PomonacityCalifornia,https://factfinder.census.gov/bkmk/cf/1.0/en/state/California/ALL?utm_campaign=20180129dvz&utm_medium=viz&utm_source=tableau,"U.S. Census Bureau, 2017 Annual Estimates of the Resident Population","U.S. Census Bureau, 2016 Annual Estimates of the Resident Population"
Brandon Graham,#55,DE/LDE,29.0,265.0,8,Detroit,Michigan,"Detroit, Michigan",Michigan,Philadelphia,NFC,"6,72,795",26.0,0400000US26,42.348664,-83.056737,1,1,"https://factfinder.census.gov/bkmk/cf/1.0/en/place/Detroit city, Michigan/ALL?utm_campaign=20180129dvz&utm_medium=viz&utm_source=tableau",https://www.census.gov/quickfacts/fact/table/DetroitcityMichigan,https://factfinder.census.gov/bkmk/cf/1.0/en/state/Michigan/ALL?utm_campaign=20180129dvz&utm_medium=viz&utm_source=tableau,"U.S. Census Bureau, 2017 Annual Estimates of the Resident Population","U.S. Census Bureau, 2016 Annual Estimates of the Resident Population"
Trey Burton,#88,TE,26.0,235.0,4,Venice,Florida,"Venice, Florida",Florida,Philadelphia,NFC,"22,465",12.0,0400000US12,27.099871,-82.454413,1,1,"https://factfinder.census.gov/bkmk/cf/1.0/en/place/Venice city, Florida/ALL?utm_campaign=20180129dvz&utm_medium=viz&utm_source=tableau",https://www.census.gov/quickfacts/fact/table/VenicecityFlorida,https://factfinder.census.gov/bkmk/cf/1.0/en/state/Florida/ALL?utm_campaign=20180129dvz&utm_medium=viz&utm_source=tableau,"U.S. Census Bureau, 2017 Annual Estimates of the Resident Population","U.S. Census Bureau, 2016 Annual Estimates of the Resident Population"
Beau Allen,#94,DT/RDT,26.0,327.0,4,Minnetonka,Minnesota,"Minnetonka, Minnesota",Wisconsin,Philadelphia,NFC,"52,369",27.0,0400000US27,44.912723,-93.499059,1,1,"https://factfinder.census.gov/bkmk/cf/1.0/en/place/Minnetonka city, Minnesota/ALL?utm_campaign=20180129dvz&utm_medium=viz&utm_source=tableau",https://www.census.gov/quickfacts/fact/table/MinnetonkacityMinnesota,https://factfinder.census.gov/bkmk/cf/1.0/en/state/Minnesota/ALL?utm_campaign=20180129dvz&utm_medium=viz&utm_source=tableau,"U.S. Census Bureau, 2017 Annual Estimates of the Resident Population","U.S. Census Bureau, 2016 Annual Estimates of the Resident Population"
Steven Means,#51,DE/RDE,27.0,263.0,3,Buffalo,New York,"Buffalo, New York",Buffalo,Philadelphia,NFC,"2,56,902",36.0,0400000US36,42.886717,-78.878392,2,1,"https://factfinder.census.gov/bkmk/cf/1.0/en/place/Buffalo city, New York/ALL?utm_campaign=20180129dvz&utm_medium=viz&utm_source=tableau",https://www.census.gov/quickfacts/fact/table/BuffalocityNewYork,https://factfinder.census.gov/bkmk/cf/1.0/en/state/New York/ALL?utm_campaign=20180129dvz&utm_medium=viz&utm_source=tableau,"U.S. Census Bureau, 2017 Annual Estimates of the Resident Population","U.S. Census Bureau, 2016 Annual Estimates of the Resident Population"
Alshon Jeffery,#17,WR,27.0,218.0,6,St. Matthews,South Carolina,"St. Matthews, South Carolina",South Carolina,Philadelphia,NFC,"1,997",45.0,0400000US45,33.664876,-80.777868,1,1,"https://factfinder.census.gov/bkmk/cf/1.0/en/place/St. Matthews town, South Carolina/ALL?utm_campaign=20180129dvz&utm_medium=viz&utm_source=tableau",https://www.census.gov/quickfacts/fact/table/St.MatthewscitySouthCarolina,https://factfinder.census.gov/bkmk/cf/1.0/en/state/South Carolina/ALL?utm_campaign=20180129dvz&utm_medium=viz&utm_source=tableau,"U.S. Census Bureau, 2017 Annual Estimates of the Resident Population","U.S. Census Bureau, 2016 Annual Estimates of the Resident Population"
Stefen Wisniewski,#61,C/LOG,28.0,305.0,7,Pittsburgh,Pennsylvania,"Pittsburgh, Pennsylvania",Penn State,Philadelphia,NFC,"3,03,625",42.0,0400000US42,40.441694,-79.990086,1,1,"https://factfinder.census.gov/bkmk/cf/1.0/en/place/Pittsburgh city, Pennsylvania/ALL?utm_campaign=20180129dvz&utm_medium=viz&utm_source=tableau",https://www.census.gov/quickfacts/fact/table/PittsburghcityPennsylvania,https://factfinder.census.gov/bkmk/cf/1.0/en/state/Pennsylvania/ALL?utm_campaign=20180129dvz&utm_medium=viz&utm_source=tableau,"U.S. Census Bureau, 2017 Annual Estimates of the Resident Population","U.S. Census Bureau, 2016 Annual Estimates of the Resident Population"
Jason Kelce,#62,C,30.0,295.0,7,Cleveland Heights,Ohio,"Cleveland Heights, Ohio",Cincinnati,Philadelphia,NFC,"44,633",39.0,0400000US39,41.520052,-81.556235,1,1,"https://factfinder.census.gov/bkmk/cf/1.0/en/place/Cleveland Heights city, Ohio/ALL?utm_campaign=20180129dvz&utm_medium=viz&utm_source=tableau",https://www.census.gov/quickfacts/fact/table/ClevelandHeightscityOhio,https://factfinder.census.gov/bkmk/cf/1.0/en/state/Ohio/ALL?utm_campaign=20180129dvz&utm_medium=viz&utm_source=tableau,"U.S. Census Bureau, 2017 Annual Estimates of the Resident Population","U.S. Census Bureau, 2016 Annual Estimates of the Resident Population"
Chris Long,#56,DE/LDE,32.0,270.0,10,Santa Monica,California,"Santa Monica, California",Virginia,Philadelphia,NFC,"92,478",6.0,0400000US06,34.01956,-118.486974,1,1,"https://factfinder.census.gov/bkmk/cf/1.0/en/place/Santa Monica city, California/ALL?utm_campaign=20180129dvz&utm_medium=viz&utm_source=tableau",https://www.census.gov/quickfacts/fact/table/SantaMonicacityCalifornia,https://factfinder.census.gov/bkmk/cf/1.0/en/state/California/ALL?utm_campaign=20180129dvz&utm_medium=viz&utm_source=tableau,"U.S. Census Bureau, 2017 Annual Estimates of the Resident Population","U.S. Census Bureau, 2016 Annual Estimates of the Resident Population"
Mack Hollins,#10,WR,24.0,221.0,R,Rockville,Maryland,"Rockville, Maryland",North Carolina,Philadelphia,NFC,"66,940",24.0,0400000US24,39.084005,-77.152757,1,1,"https://factfinder.census.gov/bkmk/cf/1.0/en/place/Rockville city, Maryland/ALL?utm_campaign=20180129dvz&utm_medium=viz&utm_source=tableau",https://www.census.gov/quickfacts/fact/table/RockvillecityMaryland,https://factfinder.census.gov/bkmk/cf/1.0/en/state/Maryland/ALL?utm_campaign=20180129dvz&utm_medium=viz&utm_source=tableau,"U.S. Census Bureau, 2017 Annual Estimates of the Resident Population","U.S. Census Bureau, 2016 Annual Estimates of the Resident Population"
Fletcher Cox,#91,DT/LDT,27.0,310.0,6,Yazoo City,Mississippi,"Yazoo City, Mississippi",Mississippi State,Philadelphia,NFC,"11,180",28.0,0400000US28,32.855133,-90.405647,1,1,"https://factfinder.census.gov/bkmk/cf/1.0/en/place/Yazoo City city, Mississippi/ALL?utm_campaign=20180129dvz&utm_medium=viz&utm_source=tableau",https://www.census.gov/quickfacts/fact/table/YazooCitycityMississippi,https://factfinder.census.gov/bkmk/cf/1.0/en/state/Mississippi/ALL?utm_campaign=20180129dvz&utm_medium=viz&utm_source=tableau,"U.S. Census Bureau, 2017 Annual Estimates of the Resident Population","U.S. Census Bureau, 2016 Annual Estimates of the Resident Population"
Brent Celek,#87,TE,32.0,255.0,11,Cincinnati,Ohio,"Cincinnati, Ohio",Cincinnati,Philadelphia,NFC,"2,98,800",39.0,0400000US39,39.101454,-84.51246,1,1,"https://factfinder.census.gov/bkmk/cf/1.0/en/place/Cincinnati city, Ohio/ALL?utm_campaign=20180129dvz&utm_medium=viz&utm_source=tableau",https://www.census.gov/quickfacts/fact/table/CincinnaticityOhio,https://factfinder.census.gov/bkmk/cf/1.0/en/state/Ohio/ALL?utm_campaign=20180129dvz&utm_medium=viz&utm_source=tableau,"U.S. Census Bureau, 2017 Annual Estimates of the Resident Population","U.S. Census Bureau, 2016 Annual Estimates of the Resident Population"
Carson Wentz,#11,QB,25.0,237.0,2,Raleigh,North Carolina,"Raleigh, North Carolina",North Dakota State,Philadelphia,NFC,"4,58,880",37.0,0400000US37,35.780398,-78.639099,1,1,"https://factfinder.census.gov/bkmk/cf/1.0/en/place/Raleigh city, North Carolina/ALL?utm_campaign=20180129dvz&utm_medium=viz&utm_source=tableau",https://www.census.gov/quickfacts/fact/table/RaleighcityNorthCarolina,https://factfinder.census.gov/bkmk/cf/1.0/en/state/North Carolina/ALL?utm_campaign=20180129dvz&utm_medium=viz&utm_source=tableau,"U.S. Census Bureau, 2017 Annual Estimates of the Resident Population","U.S. Census Bureau, 2016 Annual Estimates of the Resident Population"
Zach Ertz,#86,TE,27.0,250.0,5,Orange,California,"Orange, California",Stanford,Philadelphia,NFC,"1,40,504",6.0,0400000US06,33.750038,-117.870493,2,1,"https://factfinder.census.gov/bkmk/cf/1.0/en/place/Orange city, California/ALL?utm_campaign=20180129dvz&utm_medium=viz&utm_source=tableau",https://www.census.gov/quickfacts/fact/table/OrangecityCalifornia,https://factfinder.census.gov/bkmk/cf/1.0/en/state/California/ALL?utm_campaign=20180129dvz&utm_medium=viz&utm_source=tableau,"U.S. Census Bureau, 2017 Annual Estimates of the Resident Population","U.S. Census Bureau, 2016 Annual Estimates of the Resident Population"
Brandon Brooks,#79,G/ROG,28.0,335.0,6,Milwaukee,Wisconsin,"Milwaukee, Wisconsin",Miami (OH),Philadelphia,NFC,"5,95,047",55.0,0400000US55,43.034993,-87.922497,1,1,"https://factfinder.census.gov/bkmk/cf/1.0/en/place/Milwaukee city, Wisconsin/ALL?utm_campaign=20180129dvz&utm_medium=viz&utm_source=tableau",https://www.census.gov/quickfacts/fact/table/MilwaukeecityWisconsin,https://factfinder.census.gov/bkmk/cf/1.0/en/state/Wisconsin/ALL?utm_campaign=20180129dvz&utm_medium=viz&utm_source=tableau,"U.S. Census Bureau, 2017 Annual Estimates of the Resident Population","U.S. Census Bureau, 2016 Annual Estimates of the Resident Population"
Bryan Braman,#50,LB/LLB,30.0,241.0,7,Spokane,Washington,"Spokane, Washington",West Texas A&M,Philadelphia,NFC,"2,15,973",53.0,0400000US53,47.65886,-117.424713,1,1,"https://factfinder.census.gov/bkmk/cf/1.0/en/place/Spokane city, Washington/ALL?utm_campaign=20180129dvz&utm_medium=viz&utm_source=tableau",https://www.census.gov/quickfacts/fact/table/SpokanecityWashington,https://factfinder.census.gov/bkmk/cf/1.0/en/state/Washington/ALL?utm_campaign=20180129dvz&utm_medium=viz&utm_source=tableau,"U.S. Census Bureau, 2017 Annual Estimates of the Resident Population","U.S. Census Bureau, 2016 Annual Estimates of the Resident Population"
Nate Sudfeld,#7,QB,24.0,227.0,2,Modesto,California,"Modesto, California",Indiana,Philadelphia,NFC,"2,12,175",6.0,0400000US06,37.639097,-120.996878,1,1,"https://factfinder.census.gov/bkmk/cf/1.0/en/place/Modesto city, California/ALL?utm_campaign=20180129dvz&utm_medium=viz&utm_source=tableau",https://www.census.gov/quickfacts/fact/table/ModestocityCalifornia,https://factfinder.census.gov/bkmk/cf/1.0/en/state/California/ALL?utm_campaign=20180129dvz&utm_medium=viz&utm_source=tableau,"U.S. Census Bureau, 2017 Annual Estimates of the Resident Population","U.S. Census Bureau, 2016 Annual Estimates of the Resident Population"
Halapoulivaati Vaitai,#72,T/LOT,24.0,320.0,2,Haltom City,Texas,"Haltom City, Texas",TCU,Philadelphia,NFC,"44,361",48.0,0400000US48,32.799574,-97.269182,1,1,"https://factfinder.census.gov/bkmk/cf/1.0/en/place/Haltom City city, Texas/ALL?utm_campaign=20180129dvz&utm_medium=viz&utm_source=tableau",https://www.census.gov/quickfacts/fact/table/HaltomCitycityTexas,https://factfinder.census.gov/bkmk/cf/1.0/en/state/Texas/ALL?utm_campaign=20180129dvz&utm_medium=viz&utm_source=tableau,"U.S. Census Bureau, 2017 Annual Estimates of the Resident Population","U.S. Census Bureau, 2016 Annual Estimates of the Resident Population"
Lane Johnson,#65,T/ROT,27.0,317.0,5,Groveton,Texas,"Groveton, Texas",Oklahoma,Philadelphia,NFC,"1,026",48.0,0400000US48,31.054907,-95.125769,1,1,"https://factfinder.census.gov/bkmk/cf/1.0/en/place/Groveton city, Texas/ALL?utm_campaign=20180129dvz&utm_medium=viz&utm_source=tableau",https://www.census.gov/quickfacts/fact/table/GrovetoncityTexas,https://factfinder.census.gov/bkmk/cf/1.0/en/state/Texas/ALL?utm_campaign=20180129dvz&utm_medium=viz&utm_source=tableau,"U.S. Census Bureau, 2017 Annual Estimates of the Resident Population","U.S. Census Bureau, 2016 Annual Estimates of the Resident Population"
Nick Foles,#9,QB,28.0,243.0,6,Austin,Texas,"Austin, Texas",Arizona,Philadelphia,NFC,"9,47,890",48.0,0400000US48,30.271129,-97.743699,1,1,"https://factfinder.census.gov/bkmk/cf/1.0/en/place/Austin city, Texas/ALL?utm_campaign=20180129dvz&utm_medium=viz&utm_source=tableau",https://www.census.gov/quickfacts/fact/table/AustincityTexas,https://factfinder.census.gov/bkmk/cf/1.0/en/state/Texas/ALL?utm_campaign=20180129dvz&utm_medium=viz&utm_source=tableau,"U.S. Census Bureau, 2017 Annual Estimates of the Resident Population","U.S. Census Bureau, 2016 Annual Estimates of the Resident Population"
Will Beatty,#66,T/LOT,32.0,319.0,9,York,Pennsylvania,"York, Pennsylvania",Connecticut,Philadelphia,NFC,"43,859",42.0,0400000US42,39.962398,-76.727392,1,1,"https://factfinder.census.gov/bkmk/cf/1.0/en/place/York city, Pennsylvania/ALL?utm_campaign=20180129dvz&utm_medium=viz&utm_source=tableau",https://www.census.gov/quickfacts/fact/table/YorkcityPennsylvania,https://factfinder.census.gov/bkmk/cf/1.0/en/state/Pennsylvania/ALL?utm_campaign=20180129dvz&utm_medium=viz&utm_source=tableau,"U.S. Census Bureau, 2017 Annual Estimates of the Resident Population","U.S. Census Bureau, 2016 Annual Estimates of the Resident Population"
Donnie Jones,#8,P/HLD,37.0,221.0,14,Baton Rouge,Louisiana,"Baton Rouge, Louisiana",LSU,Philadelphia,NFC,"2,27,715",22.0,0400000US22,30.450746,-91.154551,2,1,"https://factfinder.census.gov/bkmk/cf/1.0/en/place/Baton Rouge city, Louisiana/ALL?utm_campaign=20180129dvz&utm_medium=viz&utm_source=tableau",https://www.census.gov/quickfacts/fact/table/BatonRougecityLouisiana,https://factfinder.census.gov/bkmk/cf/1.0/en/state/Louisiana/ALL?utm_campaign=20180129dvz&utm_medium=viz&utm_source=tableau,"U.S. Census Bureau, 2017 Annual Estimates of the Resident Population","U.S. Census Bureau, 2016 Annual Estimates of the Resident Population"
Kamu Grugier-Hill,#54,LB/SPTM/RLB,23.0,220.0,2,Honolulu,Hawaii,"Honolulu, Hawaii",Eastern Illinois,Philadelphia,NFC,"3,51,792",15.0,0400000US15,21.304547,-157.855676,2,1,"https://factfinder.census.gov/bkmk/cf/1.0/en/place/Urban Honolulu CDP, Hawaii/ALL?utm_campaign=20180129dvz&utm_medium=viz&utm_source=tableau",https://www.census.gov/quickfacts/fact/table/HonolulucityHawaii,https://factfinder.census.gov/bkmk/cf/1.0/en/state/Hawaii/ALL?utm_campaign=20180129dvz&utm_medium=viz&utm_source=tableau,"U.S. Census Bureau, 2017 Annual Estimates of the Resident Population","U.S. Census Bureau, 2016 Annual Estimates of the Resident Population"
Isaac Seumalo,#73,G/ROG,24.0,303.0,2,Honolulu,Hawaii,"Honolulu, Hawaii",Oregon State,Philadelphia,NFC,"3,51,792",15.0,0400000US15,21.304547,-157.855676,2,1,"https://factfinder.census.gov/bkmk/cf/1.0/en/place/Urban Honolulu CDP, Hawaii/ALL?utm_campaign=20180129dvz&utm_medium=viz&utm_source=tableau",https://www.census.gov/quickfacts/fact/table/HonolulucityHawaii,https://factfinder.census.gov/bkmk/cf/1.0/en/state/Hawaii/ALL?utm_campaign=20180129dvz&utm_medium=viz&utm_source=tableau,"U.S. Census Bureau, 2017 Annual Estimates of the Resident Population","U.S. Census Bureau, 2016 Annual Estimates of the Resident Population"
